{"cameraMode":{"drawMode":0,"name":"Shaded","section":"Shading Mode"},"sceneLighting":false,"audioPlay":false,"sceneViewState":{"showFog":true,"showMaterialUpdate":false,"showSkybox":true,"showFlares":true,"showImageEffects":true,"showParticleSystems":true},"in2DMode":false,"pivot":{"x":-139.84957885742188,"y":182.71517944335938,"z":874.7086791992188},"rotation":{"x":-0.021053260192275049,"y":0.9690234065055847,"z":-0.2294473797082901,"w":-0.0889139398932457},"size":60.21046829223633,"orthographic":false}