{"cameraMode":{"drawMode":0,"name":"Shaded","section":"Shading Mode"},"sceneLighting":false,"audioPlay":false,"sceneViewState":{"showFog":true,"showMaterialUpdate":false,"showSkybox":false,"showFlares":true,"showImageEffects":true,"showParticleSystems":true},"in2DMode":false,"pivot":{"x":476.8185119628906,"y":11.571646690368653,"z":965.714111328125},"rotation":{"x":-0.13797077536582948,"y":0.09093742817640305,"z":-0.012720205821096897,"w":-0.9861968159675598},"size":16.61962890625,"orthographic":false}